task_id,task_name,deadline,priority,estimated_time,category
1,Task 1,2023-11-25,3,3.4830395018252434,personal
2,Task 2,2023-11-26,3,2.652885539468726,work
3,Task 3,2023-11-27,3,1.8948298754100452,personal
4,Task 4,2023-11-28,2,4.765309490354275,personal
5,Task 5,2023-11-29,2,0.7187746126693833,personal
6,Task 6,2023-11-30,3,1.8179447389508352,personal
7,Task 7,2023-12-01,3,3.3648170741902446,health
8,Task 8,2023-12-02,1,4.370317277647621,health
9,Task 9,2023-12-03,1,4.825727963793077,health
10,Task 10,2023-12-04,3,1.6009543128062833,health
11,Task 11,2023-12-05,3,1.2307000577204583,work
12,Task 12,2023-12-06,3,4.64394532166187,work
13,Task 13,2023-12-07,1,4.938025008349117,work
14,Task 14,2023-12-08,1,2.393253171385426,work
15,Task 15,2023-12-09,2,4.262839102106835,personal
16,Task 16,2023-12-10,3,3.882999962647606,health
17,Task 17,2023-12-11,2,2.169528214945917,work
18,Task 18,2023-12-12,1,2.0837569465021457,work
19,Task 19,2023-12-13,2,0.6072995752013293,personal
20,Task 20,2023-12-14,1,0.6242741497123101,health
21,Task 21,2023-12-15,3,4.224365595293139,health
22,Task 22,2023-12-16,1,3.502569699664997,personal
23,Task 23,2023-12-17,3,1.0382838069457534,personal
24,Task 24,2023-12-18,3,2.6205871369799114,health
25,Task 25,2023-12-19,3,3.144579401624059,work
26,Task 26,2023-12-20,2,4.7116590486553696,health
27,Task 27,2023-12-21,1,3.397107091326093,personal
28,Task 28,2023-12-22,1,2.3902476383520623,work
29,Task 29,2023-12-23,2,3.329388720110745,work
30,Task 30,2023-12-24,1,2.768551031267077,personal
31,Task 31,2023-12-25,3,4.418262359915888,personal
32,Task 32,2023-12-26,2,4.9083265757220795,personal
33,Task 33,2023-12-27,1,4.214460667947445,work
34,Task 34,2023-12-28,1,2.2724933597399555,personal
35,Task 35,2023-12-29,1,3.169547955004179,health
36,Task 36,2023-12-30,1,2.8090560164576153,work
37,Task 37,2023-12-31,3,1.7982445870988597,work
38,Task 38,2024-01-01,2,3.479787149139414,personal
39,Task 39,2024-01-02,2,2.9221384063201365,health
40,Task 40,2024-01-03,1,3.1155246900112097,personal
41,Task 41,2024-01-04,1,2.4908286561175648,work
42,Task 42,2024-01-05,1,4.55334276718439,work
43,Task 43,2024-01-06,1,3.7065735636459647,personal
44,Task 44,2024-01-07,1,3.69895213264281,work
45,Task 45,2024-01-08,2,0.8531353252665494,health
46,Task 46,2024-01-09,1,4.004785075511948,work
47,Task 47,2024-01-10,3,2.5377706492882632,health
48,Task 48,2024-01-11,1,2.761040059706777,work
49,Task 49,2024-01-12,2,1.9868390399930975,personal
50,Task 50,2024-01-13,2,4.169309367360725,health
51,Task 51,2024-01-14,2,2.930466080826312,personal
52,Task 52,2024-01-15,3,3.613216834375282,work
53,Task 53,2024-01-16,1,2.90860618115964,health
54,Task 54,2024-01-17,1,1.0261828095761796,health
55,Task 55,2024-01-18,3,4.67687909720639,work
56,Task 56,2024-01-19,3,1.296651159419468,work
57,Task 57,2024-01-20,3,2.093055205251242,health
58,Task 58,2024-01-21,3,4.124024472853134,health
59,Task 59,2024-01-22,2,3.453338408439801,work
60,Task 60,2024-01-23,3,3.7024167294557833,work
61,Task 61,2024-01-24,3,4.5781458016940695,work
62,Task 62,2024-01-25,3,3.613137943173943,health
63,Task 63,2024-01-26,2,2.250932475357595,health
64,Task 64,2024-01-27,2,1.695824690255797,work
65,Task 65,2024-01-28,3,0.7807385995373584,personal
66,Task 66,2024-01-29,3,4.500264243486665,work
67,Task 67,2024-01-30,3,2.958083407173983,health
68,Task 68,2024-01-31,3,3.5473036712643324,personal
69,Task 69,2024-02-01,3,4.398559640653573,work
70,Task 70,2024-02-02,2,4.608268246235792,work
71,Task 71,2024-02-03,3,4.171347489204013,work
72,Task 72,2024-02-04,1,2.6169897462190357,health
73,Task 73,2024-02-05,3,0.5678376830283842,health
74,Task 74,2024-02-06,3,2.190424069937002,personal
75,Task 75,2024-02-07,2,3.522961602052762,work
76,Task 76,2024-02-08,1,0.5593400299334743,work
77,Task 77,2024-02-09,2,3.3046114038251506,work
78,Task 78,2024-02-10,1,4.115167703028578,personal
79,Task 79,2024-02-11,2,4.832093521315546,work
80,Task 80,2024-02-12,2,2.813786349806555,personal
81,Task 81,2024-02-13,3,2.1004993172295308,work
82,Task 82,2024-02-14,1,4.422762973365915,health
83,Task 83,2024-02-15,2,3.879501103021894,personal
84,Task 84,2024-02-16,2,3.462825905227291,health
85,Task 85,2024-02-17,1,2.907542464318573,health
86,Task 86,2024-02-18,2,1.4807208964447105,work
87,Task 87,2024-02-19,3,4.095564484507124,personal
88,Task 88,2024-02-20,2,1.8739948353417095,health
89,Task 89,2024-02-21,1,4.793256530678808,work
90,Task 90,2024-02-22,3,4.945242073855045,work
91,Task 91,2024-02-23,1,4.656513560907835,personal
92,Task 92,2024-02-24,1,2.2795134843912908,health
93,Task 93,2024-02-25,3,2.3193642432684745,health
94,Task 94,2024-02-26,1,3.2336583192925605,health
95,Task 95,2024-02-27,1,4.629125559494196,health
96,Task 96,2024-02-28,3,4.270684159590379,health
97,Task 97,2024-02-29,3,4.306292556580052,personal
98,Task 98,2024-03-01,2,2.512055844770462,work
99,Task 99,2024-03-02,1,0.8044422907819152,health
100,Task 100,2024-03-03,3,1.0117139577872578,personal
